--
-- PostgreSQL database dump
--

-- Dumped from database version 11.1
-- Dumped by pg_dump version 11.1

SET statement_timeout = 0;
SET lock_timeout = 0;
SET idle_in_transaction_session_timeout = 0;
SET client_encoding = 'UTF8';
SET standard_conforming_strings = on;
SELECT pg_catalog.set_config('search_path', '', false);
SET check_function_bodies = false;
SET client_min_messages = warning;
SET row_security = off;

SET default_tablespace = '';

SET default_with_oids = false;

--
-- Name: ar_internal_metadata; Type: TABLE; Schema: public; Owner: anten
--

CREATE TABLE public.ar_internal_metadata (
    key character varying NOT NULL,
    value character varying,
    created_at timestamp without time zone NOT NULL,
    updated_at timestamp without time zone NOT NULL
);


ALTER TABLE public.ar_internal_metadata OWNER TO anten;

--
-- Name: authors; Type: TABLE; Schema: public; Owner: anten
--

CREATE TABLE public.authors (
    id bigint NOT NULL,
    name character varying,
    created_at timestamp without time zone NOT NULL,
    updated_at timestamp without time zone NOT NULL
);


ALTER TABLE public.authors OWNER TO anten;

--
-- Name: authors_id_seq; Type: SEQUENCE; Schema: public; Owner: anten
--

CREATE SEQUENCE public.authors_id_seq
    START WITH 1
    INCREMENT BY 1
    NO MINVALUE
    NO MAXVALUE
    CACHE 1;


ALTER TABLE public.authors_id_seq OWNER TO anten;

--
-- Name: authors_id_seq; Type: SEQUENCE OWNED BY; Schema: public; Owner: anten
--

ALTER SEQUENCE public.authors_id_seq OWNED BY public.authors.id;


--
-- Name: book_authors; Type: TABLE; Schema: public; Owner: anten
--

CREATE TABLE public.book_authors (
    id bigint NOT NULL,
    author_id bigint,
    book_id bigint,
    created_at timestamp without time zone NOT NULL,
    updated_at timestamp without time zone NOT NULL
);


ALTER TABLE public.book_authors OWNER TO anten;

--
-- Name: book_authors_id_seq; Type: SEQUENCE; Schema: public; Owner: anten
--

CREATE SEQUENCE public.book_authors_id_seq
    START WITH 1
    INCREMENT BY 1
    NO MINVALUE
    NO MAXVALUE
    CACHE 1;


ALTER TABLE public.book_authors_id_seq OWNER TO anten;

--
-- Name: book_authors_id_seq; Type: SEQUENCE OWNED BY; Schema: public; Owner: anten
--

ALTER SEQUENCE public.book_authors_id_seq OWNED BY public.book_authors.id;


--
-- Name: books; Type: TABLE; Schema: public; Owner: anten
--

CREATE TABLE public.books (
    id bigint NOT NULL,
    title text,
    pages integer,
    pub_date text,
    created_at timestamp without time zone NOT NULL,
    updated_at timestamp without time zone NOT NULL
);


ALTER TABLE public.books OWNER TO anten;

--
-- Name: books_id_seq; Type: SEQUENCE; Schema: public; Owner: anten
--

CREATE SEQUENCE public.books_id_seq
    START WITH 1
    INCREMENT BY 1
    NO MINVALUE
    NO MAXVALUE
    CACHE 1;


ALTER TABLE public.books_id_seq OWNER TO anten;

--
-- Name: books_id_seq; Type: SEQUENCE OWNED BY; Schema: public; Owner: anten
--

ALTER SEQUENCE public.books_id_seq OWNED BY public.books.id;


--
-- Name: reviews; Type: TABLE; Schema: public; Owner: anten
--

CREATE TABLE public.reviews (
    id bigint NOT NULL,
    title character varying,
    description character varying,
    rating integer,
    user_id bigint,
    book_id bigint,
    created_at timestamp without time zone NOT NULL,
    updated_at timestamp without time zone NOT NULL
);


ALTER TABLE public.reviews OWNER TO anten;

--
-- Name: reviews_id_seq; Type: SEQUENCE; Schema: public; Owner: anten
--

CREATE SEQUENCE public.reviews_id_seq
    START WITH 1
    INCREMENT BY 1
    NO MINVALUE
    NO MAXVALUE
    CACHE 1;


ALTER TABLE public.reviews_id_seq OWNER TO anten;

--
-- Name: reviews_id_seq; Type: SEQUENCE OWNED BY; Schema: public; Owner: anten
--

ALTER SEQUENCE public.reviews_id_seq OWNED BY public.reviews.id;


--
-- Name: schema_migrations; Type: TABLE; Schema: public; Owner: anten
--

CREATE TABLE public.schema_migrations (
    version character varying NOT NULL
);


ALTER TABLE public.schema_migrations OWNER TO anten;

--
-- Name: users; Type: TABLE; Schema: public; Owner: anten
--

CREATE TABLE public.users (
    id bigint NOT NULL,
    username character varying,
    created_at timestamp without time zone NOT NULL,
    updated_at timestamp without time zone NOT NULL
);


ALTER TABLE public.users OWNER TO anten;

--
-- Name: users_id_seq; Type: SEQUENCE; Schema: public; Owner: anten
--

CREATE SEQUENCE public.users_id_seq
    START WITH 1
    INCREMENT BY 1
    NO MINVALUE
    NO MAXVALUE
    CACHE 1;


ALTER TABLE public.users_id_seq OWNER TO anten;

--
-- Name: users_id_seq; Type: SEQUENCE OWNED BY; Schema: public; Owner: anten
--

ALTER SEQUENCE public.users_id_seq OWNED BY public.users.id;


--
-- Name: authors id; Type: DEFAULT; Schema: public; Owner: anten
--

ALTER TABLE ONLY public.authors ALTER COLUMN id SET DEFAULT nextval('public.authors_id_seq'::regclass);


--
-- Name: book_authors id; Type: DEFAULT; Schema: public; Owner: anten
--

ALTER TABLE ONLY public.book_authors ALTER COLUMN id SET DEFAULT nextval('public.book_authors_id_seq'::regclass);


--
-- Name: books id; Type: DEFAULT; Schema: public; Owner: anten
--

ALTER TABLE ONLY public.books ALTER COLUMN id SET DEFAULT nextval('public.books_id_seq'::regclass);


--
-- Name: reviews id; Type: DEFAULT; Schema: public; Owner: anten
--

ALTER TABLE ONLY public.reviews ALTER COLUMN id SET DEFAULT nextval('public.reviews_id_seq'::regclass);


--
-- Name: users id; Type: DEFAULT; Schema: public; Owner: anten
--

ALTER TABLE ONLY public.users ALTER COLUMN id SET DEFAULT nextval('public.users_id_seq'::regclass);


--
-- Data for Name: ar_internal_metadata; Type: TABLE DATA; Schema: public; Owner: anten
--

COPY public.ar_internal_metadata (key, value, created_at, updated_at) FROM stdin;
environment	development	2018-12-11 17:04:13.768411	2018-12-11 17:04:13.768411
\.


--
-- Data for Name: authors; Type: TABLE DATA; Schema: public; Owner: anten
--

COPY public.authors (id, name, created_at, updated_at) FROM stdin;
1	I am who am	2018-12-11 17:04:13.845238	2018-12-11 17:04:13.845238
2	Issac Asimov	2018-12-11 17:04:13.957036	2018-12-11 17:04:13.957036
3	William James	2018-12-11 17:04:13.959862	2018-12-11 17:04:13.959862
4	Chinua Achebe	2018-12-11 17:04:14.642401	2018-12-11 17:04:14.642401
5	Hans Christian Andersen	2018-12-11 17:04:14.661067	2018-12-11 17:04:14.661067
6	Dante Alighieri	2018-12-11 17:04:14.678816	2018-12-11 17:04:14.678816
7	Unknown	2018-12-11 17:04:14.689079	2018-12-11 17:04:14.689079
8	Jane Austen	2018-12-11 17:04:14.727627	2018-12-11 17:04:14.727627
9	Honoré de Balzac	2018-12-11 17:04:14.736203	2018-12-11 17:04:14.736203
10	Samuel Beckett	2018-12-11 17:04:14.748411	2018-12-11 17:04:14.748411
11	Giovanni Boccaccio	2018-12-11 17:04:14.761149	2018-12-11 17:04:14.761149
12	Jorge Luis Borges	2018-12-11 17:04:14.770253	2018-12-11 17:04:14.770253
13	Emily Brontë	2018-12-11 17:04:14.782522	2018-12-11 17:04:14.782522
14	Albert Camus	2018-12-11 17:04:14.794932	2018-12-11 17:04:14.794932
15	Paul Celan	2018-12-11 17:04:14.807582	2018-12-11 17:04:14.807582
16	Louis-Ferdinand Céline	2018-12-11 17:04:14.822813	2018-12-11 17:04:14.822813
17	Miguel de Cervantes	2018-12-11 17:04:14.834592	2018-12-11 17:04:14.834592
18	Geoffrey Chaucer	2018-12-11 17:04:14.851363	2018-12-11 17:04:14.851363
19	Anton Chekhov	2018-12-11 17:04:14.864621	2018-12-11 17:04:14.864621
20	Joseph Conrad	2018-12-11 17:04:14.877814	2018-12-11 17:04:14.877814
21	Charles Dickens	2018-12-11 17:04:14.88952	2018-12-11 17:04:14.88952
22	Denis Diderot	2018-12-11 17:04:14.898996	2018-12-11 17:04:14.898996
23	Alfred Döblin	2018-12-11 17:04:14.908222	2018-12-11 17:04:14.908222
24	Fyodor Dostoevsky	2018-12-11 17:04:14.91735	2018-12-11 17:04:14.91735
25	George Eliot	2018-12-11 17:04:14.964411	2018-12-11 17:04:14.964411
26	Ralph Ellison	2018-12-11 17:04:14.981849	2018-12-11 17:04:14.981849
27	Euripides	2018-12-11 17:04:14.998947	2018-12-11 17:04:14.998947
28	William Faulkner	2018-12-11 17:04:15.008867	2018-12-11 17:04:15.008867
29	Gustave Flaubert	2018-12-11 17:04:15.03756	2018-12-11 17:04:15.03756
30	Federico García Lorca	2018-12-11 17:04:15.065933	2018-12-11 17:04:15.065933
31	Gabriel García Márquez	2018-12-11 17:04:15.075381	2018-12-11 17:04:15.075381
32	Johann Wolfgang von Goethe	2018-12-11 17:04:15.095571	2018-12-11 17:04:15.095571
33	Nikolai Gogol	2018-12-11 17:04:15.106039	2018-12-11 17:04:15.106039
34	Günter Grass	2018-12-11 17:04:15.120546	2018-12-11 17:04:15.120546
35	João Guimarães Rosa	2018-12-11 17:04:15.130408	2018-12-11 17:04:15.130408
36	Knut Hamsun	2018-12-11 17:04:15.139955	2018-12-11 17:04:15.139955
37	Ernest Hemingway	2018-12-11 17:04:15.15508	2018-12-11 17:04:15.15508
38	Homer	2018-12-11 17:04:15.198576	2018-12-11 17:04:15.198576
39	Henrik Ibsen	2018-12-11 17:04:15.229854	2018-12-11 17:04:15.229854
40	James Joyce	2018-12-11 17:04:15.242946	2018-12-11 17:04:15.242946
41	Franz Kafka	2018-12-11 17:04:15.257614	2018-12-11 17:04:15.257614
42	Kālidāsa	2018-12-11 17:04:15.31799	2018-12-11 17:04:15.31799
43	Yasunari Kawabata	2018-12-11 17:04:15.358107	2018-12-11 17:04:15.358107
44	Nikos Kazantzakis	2018-12-11 17:04:15.371628	2018-12-11 17:04:15.371628
45	D. H. Lawrence	2018-12-11 17:04:15.395081	2018-12-11 17:04:15.395081
46	Halldór Laxness	2018-12-11 17:04:15.419322	2018-12-11 17:04:15.419322
47	Giacomo Leopardi	2018-12-11 17:04:15.437175	2018-12-11 17:04:15.437175
48	Doris Lessing	2018-12-11 17:04:15.456105	2018-12-11 17:04:15.456105
49	Astrid Lindgren	2018-12-11 17:04:15.480276	2018-12-11 17:04:15.480276
50	Lu Xun	2018-12-11 17:04:15.50482	2018-12-11 17:04:15.50482
51	Naguib Mahfouz	2018-12-11 17:04:15.516402	2018-12-11 17:04:15.516402
52	Thomas Mann	2018-12-11 17:04:15.528361	2018-12-11 17:04:15.528361
53	Herman Melville	2018-12-11 17:04:15.558242	2018-12-11 17:04:15.558242
54	Michel de Montaigne	2018-12-11 17:04:15.575123	2018-12-11 17:04:15.575123
55	Elsa Morante	2018-12-11 17:04:15.586968	2018-12-11 17:04:15.586968
56	Toni Morrison	2018-12-11 17:04:15.602352	2018-12-11 17:04:15.602352
57	Murasaki Shikibu	2018-12-11 17:04:15.613334	2018-12-11 17:04:15.613334
58	Robert Musil	2018-12-11 17:04:15.628232	2018-12-11 17:04:15.628232
59	Vladimir Nabokov	2018-12-11 17:04:15.642217	2018-12-11 17:04:15.642217
60	George Orwell	2018-12-11 17:04:15.65206	2018-12-11 17:04:15.65206
61	Ovid	2018-12-11 17:04:15.669611	2018-12-11 17:04:15.669611
62	Fernando Pessoa	2018-12-11 17:04:15.682651	2018-12-11 17:04:15.682651
63	Edgar Allan Poe	2018-12-11 17:04:15.691463	2018-12-11 17:04:15.691463
64	Marcel Proust	2018-12-11 17:04:15.704137	2018-12-11 17:04:15.704137
65	François Rabelais	2018-12-11 17:04:15.719692	2018-12-11 17:04:15.719692
66	Juan Rulfo	2018-12-11 17:04:15.731527	2018-12-11 17:04:15.731527
67	Rumi	2018-12-11 17:04:15.740307	2018-12-11 17:04:15.740307
68	Salman Rushdie	2018-12-11 17:04:15.755094	2018-12-11 17:04:15.755094
69	Saadi	2018-12-11 17:04:15.763638	2018-12-11 17:04:15.763638
70	Tayeb Salih	2018-12-11 17:04:15.776129	2018-12-11 17:04:15.776129
71	José Saramago	2018-12-11 17:04:15.784512	2018-12-11 17:04:15.784512
72	William Shakespeare	2018-12-11 17:04:15.796501	2018-12-11 17:04:15.796501
73	Sophocles	2018-12-11 17:04:15.828609	2018-12-11 17:04:15.828609
74	Stendhal	2018-12-11 17:04:15.845389	2018-12-11 17:04:15.845389
75	Laurence Sterne	2018-12-11 17:04:15.860847	2018-12-11 17:04:15.860847
76	Italo Svevo	2018-12-11 17:04:15.878333	2018-12-11 17:04:15.878333
77	Jonathan Swift	2018-12-11 17:04:15.890104	2018-12-11 17:04:15.890104
78	Leo Tolstoy	2018-12-11 17:04:15.901711	2018-12-11 17:04:15.901711
79	Mark Twain	2018-12-11 17:04:15.935329	2018-12-11 17:04:15.935329
80	Valmiki	2018-12-11 17:04:15.949167	2018-12-11 17:04:15.949167
81	Virgil	2018-12-11 17:04:15.967178	2018-12-11 17:04:15.967178
82	Vyasa	2018-12-11 17:04:15.977016	2018-12-11 17:04:15.977016
83	Walt Whitman	2018-12-11 17:04:15.990557	2018-12-11 17:04:15.990557
84	Virginia Woolf	2018-12-11 17:04:16.008425	2018-12-11 17:04:16.008425
85	Marguerite Yourcenar	2018-12-11 17:04:16.032328	2018-12-11 17:04:16.032328
\.


--
-- Data for Name: book_authors; Type: TABLE DATA; Schema: public; Owner: anten
--

COPY public.book_authors (id, author_id, book_id, created_at, updated_at) FROM stdin;
1	1	1	2018-12-11 17:04:13.9083	2018-12-11 17:04:13.9083
2	2	2	2018-12-11 17:04:13.969175	2018-12-11 17:04:13.969175
3	3	3	2018-12-11 17:04:13.977748	2018-12-11 17:04:13.977748
4	2	3	2018-12-11 17:04:13.979154	2018-12-11 17:04:13.979154
5	4	4	2018-12-11 17:04:14.647617	2018-12-11 17:04:14.647617
6	5	5	2018-12-11 17:04:14.664748	2018-12-11 17:04:14.664748
7	6	6	2018-12-11 17:04:14.682449	2018-12-11 17:04:14.682449
8	7	7	2018-12-11 17:04:14.692636	2018-12-11 17:04:14.692636
9	7	8	2018-12-11 17:04:14.701046	2018-12-11 17:04:14.701046
10	7	9	2018-12-11 17:04:14.713187	2018-12-11 17:04:14.713187
11	7	10	2018-12-11 17:04:14.721164	2018-12-11 17:04:14.721164
12	8	11	2018-12-11 17:04:14.730567	2018-12-11 17:04:14.730567
13	9	12	2018-12-11 17:04:14.739171	2018-12-11 17:04:14.739171
14	10	13	2018-12-11 17:04:14.751457	2018-12-11 17:04:14.751457
15	11	14	2018-12-11 17:04:14.764431	2018-12-11 17:04:14.764431
16	12	15	2018-12-11 17:04:14.773229	2018-12-11 17:04:14.773229
17	13	16	2018-12-11 17:04:14.785804	2018-12-11 17:04:14.785804
18	14	17	2018-12-11 17:04:14.797959	2018-12-11 17:04:14.797959
19	15	18	2018-12-11 17:04:14.810757	2018-12-11 17:04:14.810757
20	16	19	2018-12-11 17:04:14.825674	2018-12-11 17:04:14.825674
21	17	20	2018-12-11 17:04:14.838082	2018-12-11 17:04:14.838082
22	18	21	2018-12-11 17:04:14.854707	2018-12-11 17:04:14.854707
23	19	22	2018-12-11 17:04:14.868144	2018-12-11 17:04:14.868144
24	20	23	2018-12-11 17:04:14.880688	2018-12-11 17:04:14.880688
25	21	24	2018-12-11 17:04:14.892895	2018-12-11 17:04:14.892895
26	22	25	2018-12-11 17:04:14.90203	2018-12-11 17:04:14.90203
27	23	26	2018-12-11 17:04:14.91164	2018-12-11 17:04:14.91164
28	24	27	2018-12-11 17:04:14.92023	2018-12-11 17:04:14.92023
29	24	28	2018-12-11 17:04:14.927185	2018-12-11 17:04:14.927185
30	24	29	2018-12-11 17:04:14.937042	2018-12-11 17:04:14.937042
31	24	30	2018-12-11 17:04:14.954237	2018-12-11 17:04:14.954237
32	25	31	2018-12-11 17:04:14.968067	2018-12-11 17:04:14.968067
33	26	32	2018-12-11 17:04:14.985345	2018-12-11 17:04:14.985345
34	27	33	2018-12-11 17:04:15.002125	2018-12-11 17:04:15.002125
35	28	34	2018-12-11 17:04:15.012314	2018-12-11 17:04:15.012314
36	28	35	2018-12-11 17:04:15.026473	2018-12-11 17:04:15.026473
37	29	36	2018-12-11 17:04:15.040983	2018-12-11 17:04:15.040983
38	29	37	2018-12-11 17:04:15.052412	2018-12-11 17:04:15.052412
39	30	38	2018-12-11 17:04:15.069194	2018-12-11 17:04:15.069194
40	31	39	2018-12-11 17:04:15.078823	2018-12-11 17:04:15.078823
41	31	40	2018-12-11 17:04:15.086375	2018-12-11 17:04:15.086375
42	32	41	2018-12-11 17:04:15.098826	2018-12-11 17:04:15.098826
43	33	42	2018-12-11 17:04:15.109598	2018-12-11 17:04:15.109598
44	34	43	2018-12-11 17:04:15.123998	2018-12-11 17:04:15.123998
45	35	44	2018-12-11 17:04:15.133703	2018-12-11 17:04:15.133703
46	36	45	2018-12-11 17:04:15.143048	2018-12-11 17:04:15.143048
47	37	46	2018-12-11 17:04:15.157866	2018-12-11 17:04:15.157866
48	38	47	2018-12-11 17:04:15.202175	2018-12-11 17:04:15.202175
49	38	48	2018-12-11 17:04:15.215211	2018-12-11 17:04:15.215211
50	39	49	2018-12-11 17:04:15.234303	2018-12-11 17:04:15.234303
51	40	50	2018-12-11 17:04:15.247612	2018-12-11 17:04:15.247612
52	41	51	2018-12-11 17:04:15.262067	2018-12-11 17:04:15.262067
53	41	52	2018-12-11 17:04:15.283835	2018-12-11 17:04:15.283835
54	41	53	2018-12-11 17:04:15.295517	2018-12-11 17:04:15.295517
55	42	54	2018-12-11 17:04:15.323371	2018-12-11 17:04:15.323371
56	43	55	2018-12-11 17:04:15.362292	2018-12-11 17:04:15.362292
57	44	56	2018-12-11 17:04:15.37623	2018-12-11 17:04:15.37623
58	45	57	2018-12-11 17:04:15.399284	2018-12-11 17:04:15.399284
59	46	58	2018-12-11 17:04:15.424238	2018-12-11 17:04:15.424238
60	47	59	2018-12-11 17:04:15.441541	2018-12-11 17:04:15.441541
61	48	60	2018-12-11 17:04:15.460446	2018-12-11 17:04:15.460446
62	49	61	2018-12-11 17:04:15.485191	2018-12-11 17:04:15.485191
63	50	62	2018-12-11 17:04:15.508826	2018-12-11 17:04:15.508826
64	51	63	2018-12-11 17:04:15.520598	2018-12-11 17:04:15.520598
65	52	64	2018-12-11 17:04:15.532672	2018-12-11 17:04:15.532672
66	52	65	2018-12-11 17:04:15.541668	2018-12-11 17:04:15.541668
67	53	66	2018-12-11 17:04:15.562346	2018-12-11 17:04:15.562346
68	54	67	2018-12-11 17:04:15.579391	2018-12-11 17:04:15.579391
69	55	68	2018-12-11 17:04:15.590745	2018-12-11 17:04:15.590745
70	56	69	2018-12-11 17:04:15.606052	2018-12-11 17:04:15.606052
71	57	70	2018-12-11 17:04:15.617275	2018-12-11 17:04:15.617275
72	58	71	2018-12-11 17:04:15.63182	2018-12-11 17:04:15.63182
73	59	72	2018-12-11 17:04:15.645755	2018-12-11 17:04:15.645755
74	60	73	2018-12-11 17:04:15.655528	2018-12-11 17:04:15.655528
75	61	74	2018-12-11 17:04:15.67283	2018-12-11 17:04:15.67283
76	62	75	2018-12-11 17:04:15.685713	2018-12-11 17:04:15.685713
77	63	76	2018-12-11 17:04:15.6946	2018-12-11 17:04:15.6946
78	64	77	2018-12-11 17:04:15.707204	2018-12-11 17:04:15.707204
79	65	78	2018-12-11 17:04:15.722698	2018-12-11 17:04:15.722698
80	66	79	2018-12-11 17:04:15.734595	2018-12-11 17:04:15.734595
81	67	80	2018-12-11 17:04:15.743219	2018-12-11 17:04:15.743219
82	68	81	2018-12-11 17:04:15.758071	2018-12-11 17:04:15.758071
83	69	82	2018-12-11 17:04:15.766672	2018-12-11 17:04:15.766672
84	70	83	2018-12-11 17:04:15.778921	2018-12-11 17:04:15.778921
85	71	84	2018-12-11 17:04:15.787392	2018-12-11 17:04:15.787392
86	72	85	2018-12-11 17:04:15.799396	2018-12-11 17:04:15.799396
87	72	86	2018-12-11 17:04:15.810397	2018-12-11 17:04:15.810397
88	72	87	2018-12-11 17:04:15.818664	2018-12-11 17:04:15.818664
89	73	88	2018-12-11 17:04:15.831932	2018-12-11 17:04:15.831932
90	74	89	2018-12-11 17:04:15.848547	2018-12-11 17:04:15.848547
91	75	90	2018-12-11 17:04:15.863843	2018-12-11 17:04:15.863843
92	76	91	2018-12-11 17:04:15.882498	2018-12-11 17:04:15.882498
93	77	92	2018-12-11 17:04:15.894176	2018-12-11 17:04:15.894176
94	78	93	2018-12-11 17:04:15.905707	2018-12-11 17:04:15.905707
95	78	94	2018-12-11 17:04:15.914723	2018-12-11 17:04:15.914723
96	78	95	2018-12-11 17:04:15.927277	2018-12-11 17:04:15.927277
97	79	96	2018-12-11 17:04:15.938822	2018-12-11 17:04:15.938822
98	80	97	2018-12-11 17:04:15.952895	2018-12-11 17:04:15.952895
99	81	98	2018-12-11 17:04:15.970541	2018-12-11 17:04:15.970541
100	82	99	2018-12-11 17:04:15.980407	2018-12-11 17:04:15.980407
101	83	100	2018-12-11 17:04:15.993934	2018-12-11 17:04:15.993934
102	84	101	2018-12-11 17:04:16.011739	2018-12-11 17:04:16.011739
103	84	102	2018-12-11 17:04:16.026038	2018-12-11 17:04:16.026038
104	85	103	2018-12-11 17:04:16.035827	2018-12-11 17:04:16.035827
\.


--
-- Data for Name: books; Type: TABLE DATA; Schema: public; Owner: anten
--

COPY public.books (id, title, pages, pub_date, created_at, updated_at) FROM stdin;
1	The Bible	666	50	2018-12-11 17:04:13.89335	2018-12-11 17:04:13.89335
2	Varieties of the Religious experience	123	2018	2018-12-11 17:04:13.967773	2018-12-11 17:04:13.967773
3	The Martian	123	1945	2018-12-11 17:04:13.976296	2018-12-11 17:04:13.976296
4	Things Fall Apart	209	1958	2018-12-11 17:04:14.646258	2018-12-11 17:04:14.646258
5	Fairy tales	784	1836	2018-12-11 17:04:14.663142	2018-12-11 17:04:14.663142
6	The Divine Comedy	928	1315	2018-12-11 17:04:14.680956	2018-12-11 17:04:14.680956
7	The Epic Of Gilgamesh	160	-1700	2018-12-11 17:04:14.691057	2018-12-11 17:04:14.691057
8	The Book Of Job	176	-600	2018-12-11 17:04:14.69954	2018-12-11 17:04:14.69954
9	One Thousand and One Nights	288	1200	2018-12-11 17:04:14.711576	2018-12-11 17:04:14.711576
10	Njál's Saga	384	1350	2018-12-11 17:04:14.71965	2018-12-11 17:04:14.71965
11	Pride and Prejudice	226	1813	2018-12-11 17:04:14.729294	2018-12-11 17:04:14.729294
12	Le Père Goriot	443	1835	2018-12-11 17:04:14.737877	2018-12-11 17:04:14.737877
13	Molloy, Malone Dies, The Unnamable, the trilogy	256	1952	2018-12-11 17:04:14.750144	2018-12-11 17:04:14.750144
14	The Decameron	1024	1351	2018-12-11 17:04:14.763036	2018-12-11 17:04:14.763036
15	Ficciones	224	1965	2018-12-11 17:04:14.771853	2018-12-11 17:04:14.771853
16	Wuthering Heights	342	1847	2018-12-11 17:04:14.784412	2018-12-11 17:04:14.784412
17	The Stranger	185	1942	2018-12-11 17:04:14.796668	2018-12-11 17:04:14.796668
18	Poems	320	1952	2018-12-11 17:04:14.809467	2018-12-11 17:04:14.809467
19	Journey to the End of the Night	505	1932	2018-12-11 17:04:14.82441	2018-12-11 17:04:14.82441
20	Don Quijote De La Mancha	1056	1610	2018-12-11 17:04:14.836609	2018-12-11 17:04:14.836609
21	The Canterbury Tales	544	1450	2018-12-11 17:04:14.853238	2018-12-11 17:04:14.853238
22	Stories	194	1886	2018-12-11 17:04:14.866637	2018-12-11 17:04:14.866637
23	Nostromo	320	1904	2018-12-11 17:04:14.879475	2018-12-11 17:04:14.879475
24	Great Expectations	194	1861	2018-12-11 17:04:14.89137	2018-12-11 17:04:14.89137
25	Jacques the Fatalist	596	1796	2018-12-11 17:04:14.9007	2018-12-11 17:04:14.9007
26	Berlin Alexanderplatz	600	1929	2018-12-11 17:04:14.910204	2018-12-11 17:04:14.910204
27	Crime and Punishment	551	1866	2018-12-11 17:04:14.918979	2018-12-11 17:04:14.918979
28	The Idiot	656	1869	2018-12-11 17:04:14.92585	2018-12-11 17:04:14.92585
29	The Possessed	768	1872	2018-12-11 17:04:14.935749	2018-12-11 17:04:14.935749
30	The Brothers Karamazov	824	1880	2018-12-11 17:04:14.952783	2018-12-11 17:04:14.952783
31	Middlemarch	800	1871	2018-12-11 17:04:14.966505	2018-12-11 17:04:14.966505
32	Invisible Man	581	1952	2018-12-11 17:04:14.983848	2018-12-11 17:04:14.983848
33	Medea	104	-431	2018-12-11 17:04:15.000703	2018-12-11 17:04:15.000703
34	Absalom, Absalom!	313	1936	2018-12-11 17:04:15.010769	2018-12-11 17:04:15.010769
35	The Sound and the Fury	326	1929	2018-12-11 17:04:15.025204	2018-12-11 17:04:15.025204
36	Madame Bovary	528	1857	2018-12-11 17:04:15.039526	2018-12-11 17:04:15.039526
37	Sentimental Education	606	1869	2018-12-11 17:04:15.051041	2018-12-11 17:04:15.051041
38	Gypsy Ballads	218	1928	2018-12-11 17:04:15.067835	2018-12-11 17:04:15.067835
39	One Hundred Years of Solitude	417	1967	2018-12-11 17:04:15.077395	2018-12-11 17:04:15.077395
40	Love in the Time of Cholera	368	1985	2018-12-11 17:04:15.084983	2018-12-11 17:04:15.084983
41	Faust	158	1832	2018-12-11 17:04:15.097394	2018-12-11 17:04:15.097394
42	Dead Souls	432	1842	2018-12-11 17:04:15.108085	2018-12-11 17:04:15.108085
43	The Tin Drum	600	1959	2018-12-11 17:04:15.122533	2018-12-11 17:04:15.122533
44	The Devil to Pay in the Backlands	494	1956	2018-12-11 17:04:15.132285	2018-12-11 17:04:15.132285
45	Hunger	176	1890	2018-12-11 17:04:15.141737	2018-12-11 17:04:15.141737
46	The Old Man and the Sea	128	1952	2018-12-11 17:04:15.156676	2018-12-11 17:04:15.156676
47	Iliad	608	-735	2018-12-11 17:04:15.200588	2018-12-11 17:04:15.200588
48	Odyssey	374	-800	2018-12-11 17:04:15.213283	2018-12-11 17:04:15.213283
49	A Doll's House	68	1879	2018-12-11 17:04:15.232153	2018-12-11 17:04:15.232153
50	Ulysses	228	1922	2018-12-11 17:04:15.245469	2018-12-11 17:04:15.245469
51	Stories	488	1924	2018-12-11 17:04:15.260193	2018-12-11 17:04:15.260193
52	The Trial	160	1925	2018-12-11 17:04:15.281457	2018-12-11 17:04:15.281457
53	The Castle	352	1926	2018-12-11 17:04:15.293125	2018-12-11 17:04:15.293125
54	The recognition of Shakuntala	147	150	2018-12-11 17:04:15.321132	2018-12-11 17:04:15.321132
55	The Sound of the Mountain	288	1954	2018-12-11 17:04:15.360471	2018-12-11 17:04:15.360471
56	Zorba the Greek	368	1946	2018-12-11 17:04:15.374219	2018-12-11 17:04:15.374219
57	Sons and Lovers	432	1913	2018-12-11 17:04:15.397325	2018-12-11 17:04:15.397325
58	Independent People	470	1934	2018-12-11 17:04:15.422166	2018-12-11 17:04:15.422166
59	Poems	184	1818	2018-12-11 17:04:15.439638	2018-12-11 17:04:15.439638
60	The Golden Notebook	688	1962	2018-12-11 17:04:15.458632	2018-12-11 17:04:15.458632
61	Pippi Longstocking	160	1945	2018-12-11 17:04:15.482827	2018-12-11 17:04:15.482827
62	Diary of a Madman	389	1918	2018-12-11 17:04:15.507099	2018-12-11 17:04:15.507099
63	Children of Gebelawi	355	1959	2018-12-11 17:04:15.51881	2018-12-11 17:04:15.51881
64	Buddenbrooks	736	1901	2018-12-11 17:04:15.531025	2018-12-11 17:04:15.531025
65	The Magic Mountain	720	1924	2018-12-11 17:04:15.54015	2018-12-11 17:04:15.54015
66	Moby Dick	378	1851	2018-12-11 17:04:15.560548	2018-12-11 17:04:15.560548
67	Essays	404	1595	2018-12-11 17:04:15.577566	2018-12-11 17:04:15.577566
68	History	600	1974	2018-12-11 17:04:15.589162	2018-12-11 17:04:15.589162
69	Beloved	321	1987	2018-12-11 17:04:15.604469	2018-12-11 17:04:15.604469
70	The Tale of Genji	1360	1006	2018-12-11 17:04:15.615416	2018-12-11 17:04:15.615416
71	The Man Without Qualities	365	1931	2018-12-11 17:04:15.630264	2018-12-11 17:04:15.630264
72	Lolita	317	1955	2018-12-11 17:04:15.644267	2018-12-11 17:04:15.644267
73	Nineteen Eighty-Four	272	1949	2018-12-11 17:04:15.654055	2018-12-11 17:04:15.654055
74	Metamorphoses	576	100	2018-12-11 17:04:15.671461	2018-12-11 17:04:15.671461
75	The Book of Disquiet	272	1928	2018-12-11 17:04:15.684438	2018-12-11 17:04:15.684438
76	Tales	842	1950	2018-12-11 17:04:15.69326	2018-12-11 17:04:15.69326
77	In Search of Lost Time	2408	1920	2018-12-11 17:04:15.705912	2018-12-11 17:04:15.705912
78	Gargantua and Pantagruel	623	1533	2018-12-11 17:04:15.721461	2018-12-11 17:04:15.721461
79	Pedro Páramo	124	1955	2018-12-11 17:04:15.733289	2018-12-11 17:04:15.733289
80	The Masnavi	438	1236	2018-12-11 17:04:15.742021	2018-12-11 17:04:15.742021
81	Midnight's Children	536	1981	2018-12-11 17:04:15.756776	2018-12-11 17:04:15.756776
82	Bostan	298	1257	2018-12-11 17:04:15.765385	2018-12-11 17:04:15.765385
83	Season of Migration to the North	139	1966	2018-12-11 17:04:15.777692	2018-12-11 17:04:15.777692
84	Blindness	352	1995	2018-12-11 17:04:15.786117	2018-12-11 17:04:15.786117
85	Hamlet	432	1603	2018-12-11 17:04:15.798159	2018-12-11 17:04:15.798159
86	King Lear	384	1608	2018-12-11 17:04:15.808997	2018-12-11 17:04:15.808997
87	Othello	314	1609	2018-12-11 17:04:15.817266	2018-12-11 17:04:15.817266
88	Oedipus the King	88	-430	2018-12-11 17:04:15.830496	2018-12-11 17:04:15.830496
89	The Red and the Black	576	1830	2018-12-11 17:04:15.847206	2018-12-11 17:04:15.847206
90	The Life And Opinions of Tristram Shandy	640	1760	2018-12-11 17:04:15.862596	2018-12-11 17:04:15.862596
91	Confessions of Zeno	412	1923	2018-12-11 17:04:15.880707	2018-12-11 17:04:15.880707
92	Gulliver's Travels	178	1726	2018-12-11 17:04:15.892411	2018-12-11 17:04:15.892411
93	War and Peace	1296	1867	2018-12-11 17:04:15.903999	2018-12-11 17:04:15.903999
94	Anna Karenina	864	1877	2018-12-11 17:04:15.91309	2018-12-11 17:04:15.91309
95	The Death of Ivan Ilyich	92	1886	2018-12-11 17:04:15.925682	2018-12-11 17:04:15.925682
96	The Adventures of Huckleberry Finn	224	1884	2018-12-11 17:04:15.937339	2018-12-11 17:04:15.937339
97	Ramayana	152	-450	2018-12-11 17:04:15.951184	2018-12-11 17:04:15.951184
98	The Aeneid	442	-23	2018-12-11 17:04:15.969146	2018-12-11 17:04:15.969146
99	Mahabharata	276	-700	2018-12-11 17:04:15.978947	2018-12-11 17:04:15.978947
100	Leaves of Grass	152	1855	2018-12-11 17:04:15.992489	2018-12-11 17:04:15.992489
101	Mrs Dalloway	216	1925	2018-12-11 17:04:16.010378	2018-12-11 17:04:16.010378
102	To the Lighthouse	209	1927	2018-12-11 17:04:16.024763	2018-12-11 17:04:16.024763
103	Memoirs of Hadrian	408	1951	2018-12-11 17:04:16.034297	2018-12-11 17:04:16.034297
\.


--
-- Data for Name: reviews; Type: TABLE DATA; Schema: public; Owner: anten
--

COPY public.reviews (id, title, description, rating, user_id, book_id, created_at, updated_at) FROM stdin;
1	Twist ending	I didn't see that ressurection thing coming	4	1	1	2018-12-11 17:04:13.947844	2018-12-11 17:04:13.947844
2	Predictable	Totally expected the ending.	2	2	1	2018-12-11 17:04:13.954316	2018-12-11 17:04:13.954316
3	C-razy	no way	4	3	2	2018-12-11 17:04:13.984964	2018-12-11 17:04:13.984964
4	I cried	yes way	4	3	3	2018-12-11 17:04:13.988789	2018-12-11 17:04:13.988789
5	Is it not meningitis?	Eos perferendis quia. Odit necessitatibus rem. Aut numquam cupiditate.	3	14	4	2018-12-11 17:04:14.653321	2018-12-11 17:04:14.653321
6	One! Two! Three!	Illo aliquid officiis. Unde nam non. Inventore voluptas quis.	2	36	4	2018-12-11 17:04:14.658546	2018-12-11 17:04:14.658546
7	Well, this is certainly a pleasant surprise.	Aut unde qui. Natus sed aut. Quaerat enim ea.	5	7	5	2018-12-11 17:04:14.668846	2018-12-11 17:04:14.668846
8	Tape Seinfeld for me.	Et omnis sunt. Enim tempore omnis. Possimus eos non.	1	8	5	2018-12-11 17:04:14.672639	2018-12-11 17:04:14.672639
9	All my possessions for a moment of time.	Sit dolor a. Voluptates rerum maxime. Unde debitis eligendi.	3	37	5	2018-12-11 17:04:14.676467	2018-12-11 17:04:14.676467
10	Van Halen!	Aspernatur magni facilis. Non et perspiciatis. Repellat maiores consequuntur.	4	2	6	2018-12-11 17:04:14.686623	2018-12-11 17:04:14.686623
11	Okay, I won't.	Nobis doloribus cumque. Ut sed id. Dignissimos iure dolor.	2	53	7	2018-12-11 17:04:14.69686	2018-12-11 17:04:14.69686
12	Hurrah for anarchy! This is the happiest moment of my life.	Aut quasi esse. Eveniet aperiam magnam. Ut odit omnis.	5	9	8	2018-12-11 17:04:14.705202	2018-12-11 17:04:14.705202
13	All my possessions for a moment of time.	Enim est corrupti. Labore tempore nihil. Saepe sed quia.	3	21	8	2018-12-11 17:04:14.709015	2018-12-11 17:04:14.709015
14	You can get anything you want at Alice's restaurant.	Aut autem libero. Sunt enim cumque. Ipsa recusandae blanditiis.	5	7	9	2018-12-11 17:04:14.717111	2018-12-11 17:04:14.717111
15	I am confound.	Nihil dolores tempora. Repellendus eum quidem. Perspiciatis occaecati et.	1	25	10	2018-12-11 17:04:14.725324	2018-12-11 17:04:14.725324
16	Happy.	Itaque ex reiciendis. At quos autem. Ducimus vero eligendi.	4	51	11	2018-12-11 17:04:14.734081	2018-12-11 17:04:14.734081
17	Well, this is certainly a pleasant surprise.	Vero totam sequi. Quisquam temporibus natus. Nostrum rem repudiandae.	1	37	12	2018-12-11 17:04:14.742646	2018-12-11 17:04:14.742646
18	I love you too, honey. Good luck with your show.	Beatae ut non. Facere quia voluptatem. Nemo culpa aspernatur.	3	14	12	2018-12-11 17:04:14.746072	2018-12-11 17:04:14.746072
19	I don't know.	Sed atque eius. Distinctio amet ea. Eum necessitatibus molestiae.	3	11	13	2018-12-11 17:04:14.755057	2018-12-11 17:04:14.755057
20	All my possessions for a moment of time.	Animi veniam et. Provident sint itaque. Aut temporibus ab.	1	16	13	2018-12-11 17:04:14.75887	2018-12-11 17:04:14.75887
21	Tape Seinfeld for me.	Sapiente sunt maiores. Tempora vero velit. Rem distinctio quo.	2	51	14	2018-12-11 17:04:14.768172	2018-12-11 17:04:14.768172
22	Am I dying, or is this my birthday?	Quibusdam enim aliquam. Quidem in explicabo. Fuga repellendus voluptatem.	3	19	15	2018-12-11 17:04:14.776836	2018-12-11 17:04:14.776836
23	Hurrah for anarchy! This is the happiest moment of my life.	Aliquid et aspernatur. Fugiat deleniti laboriosam. Vitae esse aperiam.	3	5	15	2018-12-11 17:04:14.780254	2018-12-11 17:04:14.780254
24	Do you want me to come with you?	Qui sunt modi. Eum id porro. Delectus repudiandae et.	5	50	16	2018-12-11 17:04:14.789705	2018-12-11 17:04:14.789705
25	You can get anything you want at Alice's restaurant.	Modi minus qui. Quam quo at. Aspernatur enim cupiditate.	1	42	16	2018-12-11 17:04:14.793012	2018-12-11 17:04:14.793012
26	Does nobody understand?	In voluptatem quaerat. Occaecati aut repellat. Aliquam et dolor.	4	5	17	2018-12-11 17:04:14.801675	2018-12-11 17:04:14.801675
27	I'll be in Hell before you start breakfast! Let her rip!	Ut pariatur iure. Et corporis sed. Odio provident est.	1	19	17	2018-12-11 17:04:14.805318	2018-12-11 17:04:14.805318
28	I regret that I should leave this world without again beholding him.	Blanditiis rerum voluptate. Consequatur vel praesentium. Voluptas modi cumque.	3	8	18	2018-12-11 17:04:14.814196	2018-12-11 17:04:14.814196
29	Strike the tent.	Aperiam nihil doloribus. Sint eligendi autem. Optio cupiditate doloremque.	5	53	18	2018-12-11 17:04:14.820776	2018-12-11 17:04:14.820776
30	Hurrah for anarchy! This is the happiest moment of my life.	Repellendus ea recusandae. Et enim culpa. Consequatur beatae autem.	1	6	19	2018-12-11 17:04:14.829008	2018-12-11 17:04:14.829008
31	That was the best ice-cream soda I ever tasted.	Iusto corrupti et. Occaecati tempora sunt. Optio nesciunt enim.	1	9	19	2018-12-11 17:04:14.832253	2018-12-11 17:04:14.832253
32	Strike the tent.	Libero minus unde. Laboriosam occaecati modi. Omnis eum magni.	3	11	20	2018-12-11 17:04:14.842015	2018-12-11 17:04:14.842015
33	No comment.	Quis velit et. Tempore dolores molestias. Veniam fuga vero.	4	45	20	2018-12-11 17:04:14.845815	2018-12-11 17:04:14.845815
34	Hurrah for anarchy! This is the happiest moment of my life.	Reiciendis unde quis. Consequatur a molestiae. Adipisci maxime iste.	2	50	20	2018-12-11 17:04:14.849221	2018-12-11 17:04:14.849221
35	No comment.	Omnis nostrum animi. Provident dolorem sit. Voluptatem esse et.	4	12	21	2018-12-11 17:04:14.85859	2018-12-11 17:04:14.85859
36	Do you want me to come with you?	Accusamus in eveniet. Magnam distinctio vitae. Repudiandae excepturi quisquam.	2	43	21	2018-12-11 17:04:14.862382	2018-12-11 17:04:14.862382
37	Tape Seinfeld for me.	Excepturi et facere. Veniam soluta sed. Et quisquam quia.	1	23	22	2018-12-11 17:04:14.872099	2018-12-11 17:04:14.872099
38	Van Halen!	Dolorum architecto impedit. Et suscipit quidem. Harum earum ipsa.	2	48	22	2018-12-11 17:04:14.875731	2018-12-11 17:04:14.875731
39	Hurrah for anarchy! This is the happiest moment of my life.	Aut natus et. Ea laudantium optio. Architecto qui vero.	5	41	23	2018-12-11 17:04:14.88406	2018-12-11 17:04:14.88406
40	I don't think they even heard me.	Corrupti quo blanditiis. Id eum dolorem. Voluptas debitis aut.	3	18	23	2018-12-11 17:04:14.887391	2018-12-11 17:04:14.887391
41	I forgot something.	Commodi perspiciatis cum. Eligendi vel optio. Voluptatem quo nulla.	5	13	24	2018-12-11 17:04:14.896725	2018-12-11 17:04:14.896725
42	Tape Seinfeld for me.	Id nobis sed. Pariatur est alias. Repudiandae optio esse.	5	36	25	2018-12-11 17:04:14.905769	2018-12-11 17:04:14.905769
43	No comment.	Cumque deserunt consequuntur. Consectetur animi quae. Saepe inventore itaque.	1	47	26	2018-12-11 17:04:14.915312	2018-12-11 17:04:14.915312
44	Does nobody understand?	Omnis autem illo. Qui doloremque possimus. Enim iure accusamus.	4	27	27	2018-12-11 17:04:14.923699	2018-12-11 17:04:14.923699
45	I love you.	Rerum fugiat deleniti. Sunt illo minus. Laboriosam deserunt distinctio.	4	25	28	2018-12-11 17:04:14.930557	2018-12-11 17:04:14.930557
46	I went the distance.	Unde ut adipisci. Quo voluptatum numquam. Incidunt sint corporis.	4	16	28	2018-12-11 17:04:14.933626	2018-12-11 17:04:14.933626
47	One! Two! Three!	Sed ut dolor. Vero sed itaque. Ut in soluta.	3	17	29	2018-12-11 17:04:14.940771	2018-12-11 17:04:14.940771
48	I wish I could go with you.	Enim pariatur omnis. Ut sit mollitia. Dignissimos mollitia porro.	5	24	29	2018-12-11 17:04:14.944713	2018-12-11 17:04:14.944713
96	Is it not meningitis?	Officiis qui voluptas. Molestiae eos corporis. Vero impedit quis.	2	24	54	2018-12-11 17:04:15.348491	2018-12-11 17:04:15.348491
49	I regret that I should leave this world without again beholding him.	Ipsum natus qui. Quaerat similique rerum. Aliquam dolorem explicabo.	2	41	29	2018-12-11 17:04:14.949974	2018-12-11 17:04:14.949974
50	I'll be in Hell before you start breakfast! Let her rip!	Doloremque optio aut. Molestias ut magni. Vero laborum eos.	5	52	30	2018-12-11 17:04:14.95822	2018-12-11 17:04:14.95822
51	Van Halen!	Error modi sit. Sit minus provident. Facilis qui rerum.	2	8	30	2018-12-11 17:04:14.961974	2018-12-11 17:04:14.961974
52	I don't know.	Molestiae aut omnis. Cum inventore ea. Vel accusantium quod.	5	28	31	2018-12-11 17:04:14.97192	2018-12-11 17:04:14.97192
53	Does nobody understand?	Doloremque rerum fugiat. Explicabo maxime facilis. Explicabo molestias ipsam.	5	41	31	2018-12-11 17:04:14.975557	2018-12-11 17:04:14.975557
54	Okay, I won't.	Facilis quisquam necessitatibus. Doloremque asperiores qui. Eum temporibus reiciendis.	2	18	31	2018-12-11 17:04:14.979377	2018-12-11 17:04:14.979377
55	I wish I could go with you.	Inventore quidem aut. Qui totam maxime. Aliquid excepturi consectetur.	3	25	32	2018-12-11 17:04:14.989272	2018-12-11 17:04:14.989272
56	Goodnight, my darlings, I'll see you tomorrow.	Aspernatur in magni. Error qui omnis. Delectus velit qui.	2	18	32	2018-12-11 17:04:14.99295	2018-12-11 17:04:14.99295
57	Do you want me to come with you?	Mollitia explicabo quos. Dicta quis laboriosam. Aut aspernatur quisquam.	1	8	32	2018-12-11 17:04:14.996665	2018-12-11 17:04:14.996665
58	Van Halen!	Quae qui dolore. Cumque reprehenderit quia. Quae ea non.	1	28	33	2018-12-11 17:04:15.006549	2018-12-11 17:04:15.006549
59	I don't know.	Magni et a. Culpa sapiente aut. Voluptate incidunt provident.	4	33	34	2018-12-11 17:04:15.01623	2018-12-11 17:04:15.01623
60	I want to go home.	Fuga quis nesciunt. Esse cum aut. Omnis incidunt occaecati.	3	42	34	2018-12-11 17:04:15.019566	2018-12-11 17:04:15.019566
61	Tape Seinfeld for me.	Dolor qui qui. Nisi autem ea. Sint accusantium quia.	3	22	34	2018-12-11 17:04:15.02299	2018-12-11 17:04:15.02299
62	I am confound.	Aut laudantium maiores. Aut error laboriosam. Pariatur et sint.	5	49	35	2018-12-11 17:04:15.030762	2018-12-11 17:04:15.030762
63	Well, this is certainly a pleasant surprise.	Libero voluptatem ut. Consequatur dolorem et. Natus est quia.	5	19	35	2018-12-11 17:04:15.034934	2018-12-11 17:04:15.034934
64	I wish I could go with you.	Qui sint dolorem. Et minima rerum. Ut tenetur consequatur.	3	32	36	2018-12-11 17:04:15.044809	2018-12-11 17:04:15.044809
65	I want your bunk!	Saepe ab non. Nihil in omnis. Inventore quis voluptatem.	2	34	36	2018-12-11 17:04:15.048547	2018-12-11 17:04:15.048547
66	That's good. Go on, read some more.	Odio molestias qui. Ipsa sint ea. Sint incidunt repellendus.	5	41	37	2018-12-11 17:04:15.05631	2018-12-11 17:04:15.05631
67	I love you.	Est hic vero. Occaecati repellendus est. Eaque ea nihil.	4	3	37	2018-12-11 17:04:15.060138	2018-12-11 17:04:15.060138
68	I love you too, honey. Good luck with your show.	Commodi consequatur sit. Dolores soluta quia. Suscipit et voluptas.	3	9	37	2018-12-11 17:04:15.063768	2018-12-11 17:04:15.063768
69	Do you want me to come with you?	A quasi saepe. Voluptas vero itaque. Officiis voluptas nesciunt.	4	3	38	2018-12-11 17:04:15.073147	2018-12-11 17:04:15.073147
70	I love you.	Quibusdam veniam dolorem. Quis quia perspiciatis. Cumque accusantium molestiae.	1	30	39	2018-12-11 17:04:15.082659	2018-12-11 17:04:15.082659
71	Van Halen!	Ea aperiam voluptate. Expedita repudiandae sit. Incidunt deserunt et.	4	22	40	2018-12-11 17:04:15.090024	2018-12-11 17:04:15.090024
72	I love you.	Sed laudantium eligendi. Ab dolores odit. Aperiam id ex.	2	49	40	2018-12-11 17:04:15.093425	2018-12-11 17:04:15.093425
73	I love you.	Odit dolor aut. Debitis dolore eaque. Autem et et.	2	24	41	2018-12-11 17:04:15.103369	2018-12-11 17:04:15.103369
74	I wish I could go with you.	Id ut consequatur. Itaque esse molestias. Enim saepe at.	4	44	42	2018-12-11 17:04:15.113729	2018-12-11 17:04:15.113729
75	I'll be in Hell before you start breakfast! Let her rip!	Et eaque aut. Numquam et doloremque. Reiciendis enim earum.	3	9	42	2018-12-11 17:04:15.118005	2018-12-11 17:04:15.118005
76	My vocabulary did this to me. Your love will let you go on…	Provident architecto quidem. Harum omnis quam. Mollitia porro voluptatem.	5	16	43	2018-12-11 17:04:15.127995	2018-12-11 17:04:15.127995
77	I regret that I should leave this world without again beholding him.	Voluptatibus quos voluptatem. Ea et nihil. Velit quia alias.	2	44	44	2018-12-11 17:04:15.137569	2018-12-11 17:04:15.137569
78	It's stopped.	Amet numquam voluptas. Consequatur facere voluptatem. Perferendis tempora quisquam.	2	37	45	2018-12-11 17:04:15.146541	2018-12-11 17:04:15.146541
79	You can get anything you want at Alice's restaurant.	Dolores odio doloremque. Qui vel qui. Est omnis et.	3	3	45	2018-12-11 17:04:15.149945	2018-12-11 17:04:15.149945
80	I don't think they even heard me.	Blanditiis nemo dolorum. Tempore nihil et. Quis sunt et.	5	9	45	2018-12-11 17:04:15.153219	2018-12-11 17:04:15.153219
81	Strike the tent.	Quo incidunt eligendi. Voluptas perspiciatis minus. Quos voluptates aut.	2	48	46	2018-12-11 17:04:15.195621	2018-12-11 17:04:15.195621
82	Van Halen!	Ut consequatur aspernatur. Eligendi quis similique. Voluptate tempora maxime.	2	11	47	2018-12-11 17:04:15.206372	2018-12-11 17:04:15.206372
83	I love you too, honey. Good luck with your show.	Vero nihil possimus. Praesentium dolorem temporibus. Ipsam asperiores nobis.	3	35	47	2018-12-11 17:04:15.210361	2018-12-11 17:04:15.210361
84	My vocabulary did this to me. Your love will let you go on…	Cum velit vel. Ipsa aperiam saepe. Architecto ratione eos.	2	2	48	2018-12-11 17:04:15.2219	2018-12-11 17:04:15.2219
85	That was the best ice-cream soda I ever tasted.	Et reprehenderit qui. Rerum nisi rerum. Aut perspiciatis ut.	5	52	48	2018-12-11 17:04:15.227057	2018-12-11 17:04:15.227057
86	Do you want me to come with you?	Necessitatibus inventore ea. Dolores sunt nisi. Sit nihil impedit.	5	46	49	2018-12-11 17:04:15.239828	2018-12-11 17:04:15.239828
87	Okay, I won't.	Magnam dolorem culpa. Atque hic quis. Sint et dolorem.	4	20	50	2018-12-11 17:04:15.254326	2018-12-11 17:04:15.254326
88	Van Halen!	At consequatur et. Totam rerum ea. Mollitia harum ut.	5	44	51	2018-12-11 17:04:15.267193	2018-12-11 17:04:15.267193
89	You can get anything you want at Alice's restaurant.	Saepe natus vel. Inventore facilis distinctio. Libero et occaecati.	3	15	51	2018-12-11 17:04:15.272616	2018-12-11 17:04:15.272616
90	Tape Seinfeld for me.	Porro quidem qui. Sequi voluptatibus architecto. Laborum harum repellendus.	1	5	51	2018-12-11 17:04:15.277722	2018-12-11 17:04:15.277722
91	Strike the tent.	Ipsa voluptatibus ut. Et ut autem. Porro maiores officia.	2	32	52	2018-12-11 17:04:15.289713	2018-12-11 17:04:15.289713
92	I wish I could go with you.	Placeat voluptas laudantium. Minus qui accusamus. Ab nisi nesciunt.	5	3	53	2018-12-11 17:04:15.301829	2018-12-11 17:04:15.301829
93	I love you too, honey. Good luck with your show.	Facere sint quibusdam. Reprehenderit error quidem. Adipisci quis ut.	2	4	53	2018-12-11 17:04:15.307301	2018-12-11 17:04:15.307301
94	That was the best ice-cream soda I ever tasted.	Fugiat sunt aut. Ratione facere omnis. Qui et aliquam.	5	26	53	2018-12-11 17:04:15.313934	2018-12-11 17:04:15.313934
95	I forgot something.	Ex voluptas consequatur. Et in architecto. Molestiae quidem numquam.	2	35	54	2018-12-11 17:04:15.32989	2018-12-11 17:04:15.32989
97	Do you want me to come with you?	Consequatur aut quis. Voluptate quibusdam quas. Quos reprehenderit ipsa.	4	27	54	2018-12-11 17:04:15.354913	2018-12-11 17:04:15.354913
98	Van Halen!	Quam modi enim. Voluptas assumenda quasi. Beatae consectetur esse.	2	29	55	2018-12-11 17:04:15.367762	2018-12-11 17:04:15.367762
99	Okay, I won't.	Non molestiae doloribus. Amet consequuntur et. Maiores voluptas unde.	1	51	56	2018-12-11 17:04:15.381109	2018-12-11 17:04:15.381109
100	That's good. Go on, read some more.	Sequi neque cumque. Quibusdam aut perspiciatis. Laboriosam corrupti delectus.	2	9	56	2018-12-11 17:04:15.387187	2018-12-11 17:04:15.387187
101	I forgot something.	Consectetur sapiente sunt. Sint natus nam. A et error.	1	23	56	2018-12-11 17:04:15.392325	2018-12-11 17:04:15.392325
102	I went the distance.	Dolor distinctio tempora. Similique at repellendus. Quibusdam eligendi voluptatibus.	5	43	57	2018-12-11 17:04:15.405846	2018-12-11 17:04:15.405846
103	Does nobody understand?	Temporibus non corporis. Nobis blanditiis aliquid. Necessitatibus rerum eaque.	2	13	57	2018-12-11 17:04:15.41075	2018-12-11 17:04:15.41075
104	Yes, it's tough, but not as tough as doing comedy.	Veniam exercitationem et. Aperiam qui beatae. Laudantium pariatur animi.	1	22	57	2018-12-11 17:04:15.4153	2018-12-11 17:04:15.4153
105	Hurrah for anarchy! This is the happiest moment of my life.	Consequuntur voluptatem eveniet. Optio sit dolores. Aut repellendus dolorem.	2	25	58	2018-12-11 17:04:15.429021	2018-12-11 17:04:15.429021
106	Am I dying, or is this my birthday?	Facilis impedit minus. Fuga dolorem consequatur. Aut saepe consequatur.	4	27	58	2018-12-11 17:04:15.43401	2018-12-11 17:04:15.43401
107	Yes, it's tough, but not as tough as doing comedy.	Accusantium et eligendi. Nihil ut quia. Doloremque voluptatibus velit.	2	18	59	2018-12-11 17:04:15.446968	2018-12-11 17:04:15.446968
108	My vocabulary did this to me. Your love will let you go on…	Consequuntur et consequatur. Ipsam cupiditate illum. Voluptatum pariatur facere.	5	47	59	2018-12-11 17:04:15.452528	2018-12-11 17:04:15.452528
109	It's stopped.	Sequi aut et. Voluptatem minus tempora. Cumque labore odio.	4	22	60	2018-12-11 17:04:15.465592	2018-12-11 17:04:15.465592
110	Goodnight, my darlings, I'll see you tomorrow.	Enim sit et. Et tempore enim. Amet suscipit eos.	3	48	60	2018-12-11 17:04:15.471224	2018-12-11 17:04:15.471224
111	I want your bunk!	Aperiam fugit culpa. Dolores quibusdam voluptates. Aut sit iusto.	2	1	60	2018-12-11 17:04:15.476929	2018-12-11 17:04:15.476929
112	Okay, I won't.	Fugit officia nihil. Ex consequatur voluptatum. Suscipit itaque accusantium.	2	22	61	2018-12-11 17:04:15.490628	2018-12-11 17:04:15.490628
113	I regret that I should leave this world without again beholding him.	Illum aliquid ut. Cumque quae sit. Modi est aspernatur.	3	5	61	2018-12-11 17:04:15.495611	2018-12-11 17:04:15.495611
114	I want to go home.	Enim fuga consectetur. Cumque et unde. Optio expedita et.	3	36	61	2018-12-11 17:04:15.501911	2018-12-11 17:04:15.501911
115	Van Halen!	Voluptates vitae officia. Mollitia optio maiores. Vitae et cumque.	3	34	62	2018-12-11 17:04:15.5136	2018-12-11 17:04:15.5136
116	Hurrah for anarchy! This is the happiest moment of my life.	Eaque qui culpa. Sed repellendus ut. Qui explicabo sint.	4	42	63	2018-12-11 17:04:15.525314	2018-12-11 17:04:15.525314
117	Tape Seinfeld for me.	Aperiam ut nisi. Hic facere sit. Vel ea sint.	1	53	64	2018-12-11 17:04:15.537384	2018-12-11 17:04:15.537384
118	You can get anything you want at Alice's restaurant.	Est voluptatum ipsum. Consequatur atque sit. Eum iusto aut.	4	10	65	2018-12-11 17:04:15.546069	2018-12-11 17:04:15.546069
119	Is it not meningitis?	Et labore dolor. Amet voluptatem explicabo. Et vel repellat.	5	29	65	2018-12-11 17:04:15.550175	2018-12-11 17:04:15.550175
120	Is it not meningitis?	Odio dolor assumenda. Delectus recusandae deserunt. Delectus non quia.	1	26	65	2018-12-11 17:04:15.55512	2018-12-11 17:04:15.55512
121	That's good. Go on, read some more.	Iure adipisci voluptas. Provident dolorum et. Vero vel maiores.	4	43	66	2018-12-11 17:04:15.567149	2018-12-11 17:04:15.567149
122	I don't think they even heard me.	A molestiae distinctio. Et reiciendis omnis. Similique iste animi.	1	17	66	2018-12-11 17:04:15.572347	2018-12-11 17:04:15.572347
123	I want your bunk!	Similique iste aspernatur. Ullam odio nam. Cum et autem.	3	15	67	2018-12-11 17:04:15.584149	2018-12-11 17:04:15.584149
124	Am I dying, or is this my birthday?	Fugit quibusdam ratione. Sint quo blanditiis. Officiis eveniet nam.	3	23	68	2018-12-11 17:04:15.595275	2018-12-11 17:04:15.595275
125	I love you too, honey. Good luck with your show.	Quia in voluptatem. Ullam repellendus cum. Sapiente voluptatibus eum.	3	35	68	2018-12-11 17:04:15.599472	2018-12-11 17:04:15.599472
126	I don't think they even heard me.	Nihil accusamus in. Aperiam ad laboriosam. Corrupti consequatur maxime.	4	51	69	2018-12-11 17:04:15.610619	2018-12-11 17:04:15.610619
127	I am confound.	Reiciendis eum ullam. Maxime id necessitatibus. Ipsa rerum nisi.	1	29	70	2018-12-11 17:04:15.621801	2018-12-11 17:04:15.621801
128	I went the distance.	Commodi nulla eaque. Dolor laboriosam voluptate. Eius qui qui.	1	31	70	2018-12-11 17:04:15.625757	2018-12-11 17:04:15.625757
129	Am I dying, or is this my birthday?	Praesentium veniam eaque. Ducimus illo sint. Consequatur repellat voluptate.	2	1	71	2018-12-11 17:04:15.635862	2018-12-11 17:04:15.635862
130	I am confound.	Doloremque et quam. Sit magnam nihil. Libero facere corrupti.	3	43	71	2018-12-11 17:04:15.639781	2018-12-11 17:04:15.639781
131	It's stopped.	Quidem veritatis velit. Et occaecati debitis. Eius amet facilis.	3	41	72	2018-12-11 17:04:15.649774	2018-12-11 17:04:15.649774
132	I want your bunk!	Et aut eos. Sint voluptatem molestiae. Enim labore voluptas.	4	45	73	2018-12-11 17:04:15.659642	2018-12-11 17:04:15.659642
133	I don't think they even heard me.	Et maiores sint. Maiores quam vitae. Incidunt animi officia.	3	48	73	2018-12-11 17:04:15.663466	2018-12-11 17:04:15.663466
134	My vocabulary did this to me. Your love will let you go on…	Sunt deserunt ipsam. Nulla modi eos. Neque mollitia animi.	4	17	73	2018-12-11 17:04:15.667185	2018-12-11 17:04:15.667185
135	I regret that I should leave this world without again beholding him.	Voluptas saepe deleniti. Atque doloribus ut. Non ut accusantium.	5	21	74	2018-12-11 17:04:15.676799	2018-12-11 17:04:15.676799
136	Happy.	Et optio ut. Voluptate nobis rem. Maiores velit aut.	1	22	74	2018-12-11 17:04:15.680427	2018-12-11 17:04:15.680427
137	I went the distance.	Aut eos magni. Voluptatem eum est. Aut sit voluptatem.	3	42	75	2018-12-11 17:04:15.689209	2018-12-11 17:04:15.689209
138	Well, this is certainly a pleasant surprise.	Culpa ut nesciunt. Animi totam sapiente. Odit dicta vero.	2	45	76	2018-12-11 17:04:15.698594	2018-12-11 17:04:15.698594
139	I love you.	Molestias et ipsa. Aliquid ab omnis. Omnis animi fugit.	4	53	77	2018-12-11 17:04:15.710737	2018-12-11 17:04:15.710737
140	I love you too, honey. Good luck with your show.	Et sequi eaque. Nam adipisci pariatur. Libero molestias qui.	4	11	77	2018-12-11 17:04:15.714321	2018-12-11 17:04:15.714321
141	No comment.	Deserunt facilis est. Animi autem ea. Itaque aperiam quidem.	5	8	77	2018-12-11 17:04:15.717627	2018-12-11 17:04:15.717627
142	I went the distance.	Quis consequatur voluptatem. Quia debitis esse. Soluta dolorem ea.	4	24	78	2018-12-11 17:04:15.726104	2018-12-11 17:04:15.726104
143	That's good. Go on, read some more.	Quos esse et. Illum laborum enim. Libero eum in.	5	48	78	2018-12-11 17:04:15.72944	2018-12-11 17:04:15.72944
144	Hurrah for anarchy! This is the happiest moment of my life.	Possimus quia est. Nostrum voluptas tempore. Alias saepe aspernatur.	2	14	79	2018-12-11 17:04:15.73812	2018-12-11 17:04:15.73812
145	My vocabulary did this to me. Your love will let you go on…	Cum exercitationem quo. Ducimus cum soluta. Odio atque sit.	3	39	80	2018-12-11 17:04:15.746659	2018-12-11 17:04:15.746659
146	I want to go home.	Ipsa non nemo. Sit porro facilis. Consectetur dolorum quisquam.	3	43	80	2018-12-11 17:04:15.750014	2018-12-11 17:04:15.750014
147	That's good. Go on, read some more.	Magni dolorum suscipit. Voluptas adipisci sunt. Saepe omnis autem.	1	33	80	2018-12-11 17:04:15.753157	2018-12-11 17:04:15.753157
148	I want your bunk!	Ut nobis illum. Aut officia animi. Nihil eos fuga.	4	44	81	2018-12-11 17:04:15.761482	2018-12-11 17:04:15.761482
149	No comment.	Voluptas odit fuga. Pariatur impedit culpa. Autem omnis odit.	5	53	82	2018-12-11 17:04:15.77046	2018-12-11 17:04:15.77046
150	Strike the tent.	Dolore quis omnis. At ullam consequatur. Amet ipsum nesciunt.	2	15	82	2018-12-11 17:04:15.773985	2018-12-11 17:04:15.773985
151	Strike the tent.	Dolores natus excepturi. Est in cumque. Id eaque numquam.	2	27	83	2018-12-11 17:04:15.782375	2018-12-11 17:04:15.782375
152	Do you want me to come with you?	Incidunt odio voluptas. Magni quisquam dolores. Ut corporis voluptate.	4	9	84	2018-12-11 17:04:15.790889	2018-12-11 17:04:15.790889
153	Goodnight, my darlings, I'll see you tomorrow.	Aperiam nam ea. Nihil qui quo. Voluptate id soluta.	2	28	84	2018-12-11 17:04:15.794349	2018-12-11 17:04:15.794349
154	No comment.	Iure reprehenderit facilis. Fugiat nemo libero. Inventore ipsum nam.	2	24	85	2018-12-11 17:04:15.802896	2018-12-11 17:04:15.802896
155	I don't think they even heard me.	Ut vel excepturi. Possimus natus placeat. Facilis itaque maxime.	3	7	85	2018-12-11 17:04:15.806589	2018-12-11 17:04:15.806589
156	I went the distance.	Dolor enim consequatur. Adipisci repellendus asperiores. Ratione repudiandae voluptatem.	3	28	86	2018-12-11 17:04:15.814637	2018-12-11 17:04:15.814637
157	I don't think they even heard me.	Repellendus et voluptatem. Dolorem veniam cum. Omnis neque deserunt.	5	27	87	2018-12-11 17:04:15.822559	2018-12-11 17:04:15.822559
158	That's good. Go on, read some more.	Consequatur possimus consequatur. Autem voluptates et. Id minima ipsam.	1	7	87	2018-12-11 17:04:15.826327	2018-12-11 17:04:15.826327
159	Okay, I won't.	Nemo voluptate voluptatem. Repellendus suscipit consequatur. Porro qui ipsam.	2	18	88	2018-12-11 17:04:15.835814	2018-12-11 17:04:15.835814
160	Happy.	Veniam porro dolor. Vel maiores dolores. Voluptatem sit aut.	4	40	88	2018-12-11 17:04:15.839582	2018-12-11 17:04:15.839582
161	Hurrah for anarchy! This is the happiest moment of my life.	Omnis voluptatem molestiae. Aut corrupti exercitationem. Et eum beatae.	1	15	88	2018-12-11 17:04:15.843191	2018-12-11 17:04:15.843191
162	I forgot something.	Quo et maiores. Id harum dolorem. Eos totam ipsam.	5	11	89	2018-12-11 17:04:15.852145	2018-12-11 17:04:15.852145
163	I want to go home.	Atque consequuntur temporibus. Sint repellendus ut. Laudantium molestias amet.	5	8	89	2018-12-11 17:04:15.855616	2018-12-11 17:04:15.855616
164	Van Halen!	Fugiat amet ut. Temporibus veniam consequatur. Iure id eum.	5	13	89	2018-12-11 17:04:15.858786	2018-12-11 17:04:15.858786
165	No comment.	Dolores nesciunt in. Animi autem laboriosam. Voluptatibus nam illo.	3	5	90	2018-12-11 17:04:15.867506	2018-12-11 17:04:15.867506
166	I forgot something.	Molestiae deleniti sunt. Eaque voluptatem ipsam. Quia laborum cupiditate.	3	19	90	2018-12-11 17:04:15.871482	2018-12-11 17:04:15.871482
167	Am I dying, or is this my birthday?	Quam soluta aut. Tempore officia dolores. Occaecati est fuga.	1	35	90	2018-12-11 17:04:15.875562	2018-12-11 17:04:15.875562
168	Do you want me to come with you?	Repellendus doloremque explicabo. Quis voluptatem quasi. Nesciunt consequuntur vel.	4	46	91	2018-12-11 17:04:15.887255	2018-12-11 17:04:15.887255
169	Goodnight, my darlings, I'll see you tomorrow.	Itaque sint blanditiis. Autem cupiditate inventore. Dolores mollitia eos.	4	47	92	2018-12-11 17:04:15.898906	2018-12-11 17:04:15.898906
170	That's good. Go on, read some more.	Alias doloribus velit. Accusamus corporis non. Fugiat ut id.	3	52	93	2018-12-11 17:04:15.910224	2018-12-11 17:04:15.910224
171	Yes, it's tough, but not as tough as doing comedy.	Sunt animi tempore. Et eveniet dolores. Est omnis magnam.	4	42	94	2018-12-11 17:04:15.918887	2018-12-11 17:04:15.918887
172	Does nobody understand?	Nostrum eligendi ab. Quam repellendus accusamus. Iusto quia velit.	1	51	94	2018-12-11 17:04:15.922999	2018-12-11 17:04:15.922999
173	I'll be in Hell before you start breakfast! Let her rip!	Itaque voluptates quidem. Tempore unde quidem. Vitae et nostrum.	3	41	95	2018-12-11 17:04:15.932751	2018-12-11 17:04:15.932751
174	Do you want me to come with you?	Incidunt eius alias. Delectus sint quo. Possimus non vel.	3	40	96	2018-12-11 17:04:15.942942	2018-12-11 17:04:15.942942
175	I love you.	Illum ipsam unde. Ipsa optio et. Dolorem voluptates qui.	3	43	96	2018-12-11 17:04:15.946828	2018-12-11 17:04:15.946828
176	I'll be in Hell before you start breakfast! Let her rip!	Laborum ut libero. Unde cupiditate possimus. Tenetur in qui.	2	19	97	2018-12-11 17:04:15.956929	2018-12-11 17:04:15.956929
177	I want your bunk!	Ratione nam eius. Aut quaerat eos. Quod architecto laudantium.	5	16	97	2018-12-11 17:04:15.96075	2018-12-11 17:04:15.96075
178	You can get anything you want at Alice's restaurant.	Saepe voluptatem ut. Totam quasi sapiente. Voluptas eveniet velit.	3	9	97	2018-12-11 17:04:15.964814	2018-12-11 17:04:15.964814
179	My vocabulary did this to me. Your love will let you go on…	Deserunt temporibus doloremque. Dolor non aperiam. Nobis harum error.	4	6	98	2018-12-11 17:04:15.974557	2018-12-11 17:04:15.974557
180	I love you too, honey. Good luck with your show.	Est aut quia. Cum cumque iure. Aut earum reiciendis.	3	20	99	2018-12-11 17:04:15.984434	2018-12-11 17:04:15.984434
181	Well, this is certainly a pleasant surprise.	Placeat quo consequatur. Sequi quasi rem. Adipisci harum autem.	4	27	99	2018-12-11 17:04:15.988249	2018-12-11 17:04:15.988249
182	All my possessions for a moment of time.	Cum nihil aut. Sint eum eius. Soluta non est.	3	22	100	2018-12-11 17:04:15.998133	2018-12-11 17:04:15.998133
183	I wish I could go with you.	Tenetur animi corrupti. Nesciunt magnam facilis. Temporibus veritatis at.	5	16	100	2018-12-11 17:04:16.002212	2018-12-11 17:04:16.002212
184	Hurrah for anarchy! This is the happiest moment of my life.	A qui sit. Vitae sit et. Voluptas accusantium molestias.	4	8	100	2018-12-11 17:04:16.005897	2018-12-11 17:04:16.005897
185	I don't know.	Saepe optio est. Aliquid placeat id. Dicta eum rerum.	3	53	101	2018-12-11 17:04:16.015552	2018-12-11 17:04:16.015552
186	Does nobody understand?	Enim eius et. Perferendis repellendus expedita. Error sed expedita.	4	40	101	2018-12-11 17:04:16.018995	2018-12-11 17:04:16.018995
187	I went the distance.	Magnam qui eaque. Omnis nulla aut. Est et nesciunt.	2	24	101	2018-12-11 17:04:16.022445	2018-12-11 17:04:16.022445
188	I wish I could go with you.	Sit modi non. Dolorem quia magnam. Consectetur voluptate corrupti.	2	13	102	2018-12-11 17:04:16.02997	2018-12-11 17:04:16.02997
189	Tape Seinfeld for me.	Ea molestiae expedita. Ea magnam perspiciatis. Reprehenderit voluptatibus occaecati.	2	39	103	2018-12-11 17:04:16.039893	2018-12-11 17:04:16.039893
190	I don't think they even heard me.	Rem modi ipsa. Voluptatibus voluptas tempore. Sunt voluptatem assumenda.	4	22	103	2018-12-11 17:04:16.043452	2018-12-11 17:04:16.043452
191	I don't think they even heard me.	Nobis sapiente ut. Ducimus unde dolor. Architecto nam dolore.	1	6	103	2018-12-11 17:04:16.046742	2018-12-11 17:04:16.046742
\.


--
-- Data for Name: schema_migrations; Type: TABLE DATA; Schema: public; Owner: anten
--

COPY public.schema_migrations (version) FROM stdin;
1
20181205172123
20181205201044
20181205201433
20181205201641
\.


--
-- Data for Name: users; Type: TABLE DATA; Schema: public; Owner: anten
--

COPY public.users (id, username, created_at, updated_at) FROM stdin;
1	99Theses	2018-12-11 17:04:13.921618	2018-12-11 17:04:13.921618
2	JesusLover123	2018-12-11 17:04:13.924338	2018-12-11 17:04:13.924338
3	u1	2018-12-11 17:04:13.961851	2018-12-11 17:04:13.961851
4	Miquel Krajcik	2018-12-11 17:04:14.567431	2018-12-11 17:04:14.567431
5	Ehtel Hills DDS	2018-12-11 17:04:14.572382	2018-12-11 17:04:14.572382
6	Taylor Kunze	2018-12-11 17:04:14.574128	2018-12-11 17:04:14.574128
7	Miss Lloyd Schinner	2018-12-11 17:04:14.575773	2018-12-11 17:04:14.575773
8	Sang Dach	2018-12-11 17:04:14.577239	2018-12-11 17:04:14.577239
9	Alphonso Borer	2018-12-11 17:04:14.578796	2018-12-11 17:04:14.578796
10	Loris Hintz	2018-12-11 17:04:14.580205	2018-12-11 17:04:14.580205
11	Patria Ratke	2018-12-11 17:04:14.58168	2018-12-11 17:04:14.58168
12	Dr. Dinorah Collier	2018-12-11 17:04:14.583165	2018-12-11 17:04:14.583165
13	Russel Williamson	2018-12-11 17:04:14.584601	2018-12-11 17:04:14.584601
14	Harvey Price	2018-12-11 17:04:14.586032	2018-12-11 17:04:14.586032
15	Waylon Bednar PhD	2018-12-11 17:04:14.587373	2018-12-11 17:04:14.587373
16	Loni Dicki	2018-12-11 17:04:14.588736	2018-12-11 17:04:14.588736
17	Kelle Hoeger	2018-12-11 17:04:14.590208	2018-12-11 17:04:14.590208
18	Haley Dickens	2018-12-11 17:04:14.591642	2018-12-11 17:04:14.591642
19	Sherrie Howell	2018-12-11 17:04:14.592961	2018-12-11 17:04:14.592961
20	Mrs. Caryl Schmeler	2018-12-11 17:04:14.594307	2018-12-11 17:04:14.594307
21	Dr. Guillermo Champlin	2018-12-11 17:04:14.595644	2018-12-11 17:04:14.595644
22	Raymon Runolfsson	2018-12-11 17:04:14.596994	2018-12-11 17:04:14.596994
23	Delorse Daniel	2018-12-11 17:04:14.598394	2018-12-11 17:04:14.598394
24	Rosaria O'Connell	2018-12-11 17:04:14.599778	2018-12-11 17:04:14.599778
25	Evonne Wehner V	2018-12-11 17:04:14.601146	2018-12-11 17:04:14.601146
26	Erik Becker Jr.	2018-12-11 17:04:14.602523	2018-12-11 17:04:14.602523
27	Jan Beer	2018-12-11 17:04:14.603851	2018-12-11 17:04:14.603851
28	Mr. Alda Treutel	2018-12-11 17:04:14.605858	2018-12-11 17:04:14.605858
29	Zachariah Beatty	2018-12-11 17:04:14.607295	2018-12-11 17:04:14.607295
30	Silas Volkman	2018-12-11 17:04:14.608678	2018-12-11 17:04:14.608678
31	Genaro Legros	2018-12-11 17:04:14.609944	2018-12-11 17:04:14.609944
32	Jayme Wehner	2018-12-11 17:04:14.611244	2018-12-11 17:04:14.611244
33	Junko Nader	2018-12-11 17:04:14.612532	2018-12-11 17:04:14.612532
34	Shonda Corkery	2018-12-11 17:04:14.613874	2018-12-11 17:04:14.613874
35	Julianne Wiegand PhD	2018-12-11 17:04:14.615304	2018-12-11 17:04:14.615304
36	Miss Phillip Keebler	2018-12-11 17:04:14.616636	2018-12-11 17:04:14.616636
37	Mrs. Lenard Murray	2018-12-11 17:04:14.61798	2018-12-11 17:04:14.61798
38	Mr. Amber Nicolas	2018-12-11 17:04:14.619283	2018-12-11 17:04:14.619283
39	David Orn	2018-12-11 17:04:14.620545	2018-12-11 17:04:14.620545
40	Morris Bartell	2018-12-11 17:04:14.621876	2018-12-11 17:04:14.621876
41	Miss Edgar Ratke	2018-12-11 17:04:14.623262	2018-12-11 17:04:14.623262
42	Dr. Ariel Jenkins	2018-12-11 17:04:14.624616	2018-12-11 17:04:14.624616
43	Maragaret Schimmel	2018-12-11 17:04:14.625907	2018-12-11 17:04:14.625907
44	Lupita Crona I	2018-12-11 17:04:14.627163	2018-12-11 17:04:14.627163
45	Dr. Domenic Conn	2018-12-11 17:04:14.628404	2018-12-11 17:04:14.628404
46	Jessica Murphy	2018-12-11 17:04:14.629653	2018-12-11 17:04:14.629653
47	Kendrick Cummings	2018-12-11 17:04:14.630993	2018-12-11 17:04:14.630993
48	Jenna Christiansen	2018-12-11 17:04:14.632248	2018-12-11 17:04:14.632248
49	Dr. Cleo Greenholt	2018-12-11 17:04:14.633518	2018-12-11 17:04:14.633518
50	Neil Stehr	2018-12-11 17:04:14.634819	2018-12-11 17:04:14.634819
51	Teresa Balistreri II	2018-12-11 17:04:14.636158	2018-12-11 17:04:14.636158
52	Rich Blanda	2018-12-11 17:04:14.637423	2018-12-11 17:04:14.637423
53	Annett Renner	2018-12-11 17:04:14.638777	2018-12-11 17:04:14.638777
\.


--
-- Name: authors_id_seq; Type: SEQUENCE SET; Schema: public; Owner: anten
--

SELECT pg_catalog.setval('public.authors_id_seq', 85, true);


--
-- Name: book_authors_id_seq; Type: SEQUENCE SET; Schema: public; Owner: anten
--

SELECT pg_catalog.setval('public.book_authors_id_seq', 104, true);


--
-- Name: books_id_seq; Type: SEQUENCE SET; Schema: public; Owner: anten
--

SELECT pg_catalog.setval('public.books_id_seq', 103, true);


--
-- Name: reviews_id_seq; Type: SEQUENCE SET; Schema: public; Owner: anten
--

SELECT pg_catalog.setval('public.reviews_id_seq', 191, true);


--
-- Name: users_id_seq; Type: SEQUENCE SET; Schema: public; Owner: anten
--

SELECT pg_catalog.setval('public.users_id_seq', 53, true);


--
-- Name: ar_internal_metadata ar_internal_metadata_pkey; Type: CONSTRAINT; Schema: public; Owner: anten
--

ALTER TABLE ONLY public.ar_internal_metadata
    ADD CONSTRAINT ar_internal_metadata_pkey PRIMARY KEY (key);


--
-- Name: authors authors_pkey; Type: CONSTRAINT; Schema: public; Owner: anten
--

ALTER TABLE ONLY public.authors
    ADD CONSTRAINT authors_pkey PRIMARY KEY (id);


--
-- Name: book_authors book_authors_pkey; Type: CONSTRAINT; Schema: public; Owner: anten
--

ALTER TABLE ONLY public.book_authors
    ADD CONSTRAINT book_authors_pkey PRIMARY KEY (id);


--
-- Name: books books_pkey; Type: CONSTRAINT; Schema: public; Owner: anten
--

ALTER TABLE ONLY public.books
    ADD CONSTRAINT books_pkey PRIMARY KEY (id);


--
-- Name: reviews reviews_pkey; Type: CONSTRAINT; Schema: public; Owner: anten
--

ALTER TABLE ONLY public.reviews
    ADD CONSTRAINT reviews_pkey PRIMARY KEY (id);


--
-- Name: schema_migrations schema_migrations_pkey; Type: CONSTRAINT; Schema: public; Owner: anten
--

ALTER TABLE ONLY public.schema_migrations
    ADD CONSTRAINT schema_migrations_pkey PRIMARY KEY (version);


--
-- Name: users users_pkey; Type: CONSTRAINT; Schema: public; Owner: anten
--

ALTER TABLE ONLY public.users
    ADD CONSTRAINT users_pkey PRIMARY KEY (id);


--
-- Name: index_book_authors_on_author_id; Type: INDEX; Schema: public; Owner: anten
--

CREATE INDEX index_book_authors_on_author_id ON public.book_authors USING btree (author_id);


--
-- Name: index_book_authors_on_book_id; Type: INDEX; Schema: public; Owner: anten
--

CREATE INDEX index_book_authors_on_book_id ON public.book_authors USING btree (book_id);


--
-- Name: index_reviews_on_book_id; Type: INDEX; Schema: public; Owner: anten
--

CREATE INDEX index_reviews_on_book_id ON public.reviews USING btree (book_id);


--
-- Name: index_reviews_on_user_id; Type: INDEX; Schema: public; Owner: anten
--

CREATE INDEX index_reviews_on_user_id ON public.reviews USING btree (user_id);


--
-- Name: book_authors fk_rails_0c0759568d; Type: FK CONSTRAINT; Schema: public; Owner: anten
--

ALTER TABLE ONLY public.book_authors
    ADD CONSTRAINT fk_rails_0c0759568d FOREIGN KEY (author_id) REFERENCES public.authors(id);


--
-- Name: reviews fk_rails_74a66bd6c5; Type: FK CONSTRAINT; Schema: public; Owner: anten
--

ALTER TABLE ONLY public.reviews
    ADD CONSTRAINT fk_rails_74a66bd6c5 FOREIGN KEY (user_id) REFERENCES public.users(id);


--
-- Name: reviews fk_rails_924a0b30ca; Type: FK CONSTRAINT; Schema: public; Owner: anten
--

ALTER TABLE ONLY public.reviews
    ADD CONSTRAINT fk_rails_924a0b30ca FOREIGN KEY (book_id) REFERENCES public.books(id);


--
-- Name: book_authors fk_rails_b23f3934c1; Type: FK CONSTRAINT; Schema: public; Owner: anten
--

ALTER TABLE ONLY public.book_authors
    ADD CONSTRAINT fk_rails_b23f3934c1 FOREIGN KEY (book_id) REFERENCES public.books(id);


--
-- PostgreSQL database dump complete
--

